video_id,P@5,R@5,F1@5,NDCG@5,P@10,R@10,F1@10,NDCG@10,MAP
dQw4w9WgXcQ,0.0,0.0,0.0,0.0,0.1,1.0,0.18181818181818182,0.3333333333333333,0.14285714285714285
