video_id,start,end,motion,audio,cap_overlap,kw_density,score
2liO8zHVGBs,0.5,5.5,0.19997401535511017,0.17583659291267395,0.0,0.0,0.5152471661567688
2liO8zHVGBs,2.5,5.5,0.17863421142101288,0.12832586467266083,0.0,0.0,0.3328096568584442
2liO8zHVGBs,5.5,9.5,0.17905490100383759,0.28958725929260254,0.0,0.0,0.725307285785675
2liO8zHVGBs,7.5,9.5,0.0729331225156784,0.2932261824607849,0.0,0.0,0.4000000059604645
