video_id,start,end,motion,audio,cap_overlap,kw_density,score
AGNH79vLDmI,0.0,2.5,0.23825472593307495,0.12768954038619995,0.0,0.0,0.0
AGNH79vLDmI,5.5,7.5,0.5499664545059204,0.1505696177482605,0.0,0.0,0.6421484351158142
AGNH79vLDmI,7.5,9.5,0.49164050817489624,0.16548466682434082,0.0,0.0,0.7251540422439575
AGNH79vLDmI,9.5,12.5,0.2991602420806885,0.14634186029434204,0.0,0.0,0.2755607068538666
