video_id,start,end,motion,audio,cap_overlap,kw_density,score
b20C6GJjiGs,0.0,5.0,0.27955564856529236,0.024273870512843132,0.0,0.0,0.27707570791244507
b20C6GJjiGs,2.0,5.0,0.39855799078941345,0.025061560794711113,0.0,0.0,0.4603707790374756
b20C6GJjiGs,5.0,10.5,0.1677156537771225,0.028617456555366516,0.0,0.0,0.49445438385009766
b20C6GJjiGs,7.0,10.5,0.011320176534354687,0.02949288673698902,0.0,0.0,0.4000000059604645
