video_id,start,end,motion,audio,cap_overlap,kw_density,score
dip7rRT79gk,0.0,4.5,0.22217635810375214,0.31678009033203125,0.0,0.0,0.0
dip7rRT79gk,2.0,4.5,0.34891772270202637,0.3445257246494293,0.0,0.0,0.3030286431312561
dip7rRT79gk,6.5,10.0,0.3877820372581482,0.5740997195243835,0.0,0.0,0.7395943999290466
dip7rRT79gk,10.0,12.0,0.4172392785549164,0.4986400008201599,0.0,0.0,0.6826988458633423
