video_id,start,end,motion,audio,cap_overlap,kw_density,score
FCIjIagXiaI,0.0,6.0,0.1393825113773346,0.25977379083633423,0.0,0.0,0.0
FCIjIagXiaI,2.0,8.0,0.15866336226463318,0.29025760293006897,0.0,0.0,0.19534653425216675
FCIjIagXiaI,4.0,10.0,0.19596391916275024,0.3247630000114441,0.0,0.0,0.45269590616226196
FCIjIagXiaI,6.0,10.5,0.2528821527957916,0.33397459983825684,0.0,0.0,0.6313393115997314
FCIjIagXiaI,8.0,10.5,0.3102392256259918,0.3409517705440521,0.0,0.0,0.800000011920929
