video_id,start,end,motion,audio,cap_overlap,kw_density,score
GGl_FyxK8qE,0.0,3.0,0.31587928533554077,0.24302147328853607,0.0,0.0,0.0
GGl_FyxK8qE,3.5,6.0,0.3326128423213959,0.251772940158844,0.0,0.0,0.13108205795288086
GGl_FyxK8qE,9.5,12.0,0.3547147214412689,0.2745417356491089,0.0,0.0,0.40817180275917053
GGl_FyxK8qE,15.5,18.5,0.44995084404945374,0.286154568195343,0.0,0.0,0.800000011920929
GGl_FyxK8qE,18.5,21.0,0.447407603263855,0.27809280157089233,0.0,0.0,0.7176505327224731
