video_id,start,end,motion,audio,cap_overlap,kw_density,score
J2hJjY9pX40,0.0,2.0,0.2045859843492508,0.1730838268995285,0.0,0.0,0.2806238532066345
J2hJjY9pX40,2.0,4.0,0.3876696228981018,0.1294812262058258,0.0,0.0,0.2804810702800751
J2hJjY9pX40,5.0,7.0,0.4656854271888733,0.19163218140602112,0.0,0.0,0.800000011920929
