video_id,start,end,motion,audio,cap_overlap,kw_density,score
kjsqQPMTbd4,0.0,6.0,0.02040509320795536,0.07034972310066223,0.0,0.0,0.07395916432142258
kjsqQPMTbd4,2.0,8.0,0.021915582939982414,0.07013454288244247,0.0,0.0,0.07306049019098282
kjsqQPMTbd4,4.0,10.0,0.020651191473007202,0.08117423206567764,0.0,0.0,0.4134329855442047
kjsqQPMTbd4,6.0,12.0,0.017171349376440048,0.07571355998516083,0.0,0.0,0.22922389209270477
kjsqQPMTbd4,8.0,14.0,0.05627309903502464,0.07874350994825363,0.0,0.0,0.47492367029190063
kjsqQPMTbd4,10.0,14.0,0.0746607780456543,0.07106225937604904,0.0,0.0,0.3056821823120117
kjsqQPMTbd4,12.0,14.0,0.12079218775033951,0.06838398426771164,0.0,0.0,0.4000000059604645
