video_id,start,end,motion,audio,cap_overlap,kw_density,score
M76BnPaRUEk,0.0,4.0,0.25843748450279236,0.21396611630916595,0.0,0.0,0.14223437011241913
M76BnPaRUEk,2.0,4.0,0.3340039849281311,0.21072563529014587,0.0,0.0,0.3128994405269623
M76BnPaRUEk,4.0,6.0,0.385265052318573,0.2380310744047165,0.0,0.0,0.7446920275688171
M76BnPaRUEk,6.0,10.5,0.40561532974243164,0.20068714022636414,0.0,0.0,0.4000000059604645
M76BnPaRUEk,8.0,10.5,0.3804886043071747,0.20168045163154602,0.0,0.0,0.34235018491744995
