video_id,start,end,motion,audio,cap_overlap,kw_density,score
PX2IRz3PGqU,0.0,5.5,0.1071070209145546,0.06318062543869019,0.0,0.0,0.1590721756219864
PX2IRz3PGqU,2.0,5.5,0.140056774020195,0.03627009317278862,0.0,0.0,0.05303192883729935
PX2IRz3PGqU,5.5,7.5,0.3556346893310547,0.07271575927734375,0.0,0.0,0.615435779094696
PX2IRz3PGqU,8.5,12.5,0.2208978533744812,0.08939269185066223,0.0,0.0,0.49715954065322876
PX2IRz3PGqU,10.5,12.5,0.19200101494789124,0.07570581138134003,0.0,0.0,0.36974549293518066
PX2IRz3PGqU,12.5,14.5,0.3187924027442932,0.05857598036527634,0.0,0.0,0.47255656123161316
PX2IRz3PGqU,14.5,20.0,0.20118574798107147,0.07837212085723877,0.0,0.0,0.4002890884876251
PX2IRz3PGqU,16.5,20.0,0.17189723253250122,0.08325577527284622,0.0,0.0,0.3820178508758545
PX2IRz3PGqU,20.0,22.5,0.28118789196014404,0.10393883287906647,0.0,0.0,0.6801794767379761
