video_id,start,end,motion,audio,cap_overlap,kw_density,score
QJamtQk5riY,0.0,2.0,0.2063339203596115,0.3511378765106201,0.0,0.0,0.024971727281808853
QJamtQk5riY,2.5,6.5,0.2340104877948761,0.36952105164527893,0.0,0.0,0.11663347482681274
QJamtQk5riY,4.5,6.5,0.24586722254753113,0.36494162678718567,0.0,0.0,0.11604726314544678
QJamtQk5riY,6.5,8.5,0.5233794450759888,0.4720923900604248,0.0,0.0,0.7881779074668884
QJamtQk5riY,8.5,13.5,0.4323248565196991,0.44257840514183044,0.0,0.0,0.5857030153274536
QJamtQk5riY,10.5,13.5,0.3974320590496063,0.4460122287273407,0.0,0.0,0.5552919507026672
QJamtQk5riY,13.5,16.0,0.5333436131477356,0.4182312488555908,0.0,0.0,0.6276490092277527
QJamtQk5riY,16.0,20.0,0.28734713792800903,0.3764974772930145,0.0,0.0,0.2022392898797989
QJamtQk5riY,18.0,20.0,0.19620653986930847,0.347089022397995,0.0,0.0,0.0
