video_id,start,end,motion,audio,cap_overlap,kw_density,score
TDM8so5fEcA,5.5,11.5,0.16716673970222473,0.1027429923415184,0.0,0.0,0.4000000059604645
TDM8so5fEcA,7.5,12.5,0.08541791886091232,0.10909686982631683,0.0,0.0,0.4000000059604645
TDM8so5fEcA,9.5,12.5,0.12930907309055328,0.10705498605966568,0.0,0.0,0.4862169325351715
