video_id,start,end,motion,audio,cap_overlap,kw_density,score
WZzXdEa4WcY,16.0,18.0,0.6486650705337524,0.33451366424560547,0.0,0.0,0.42852988839149475
WZzXdEa4WcY,18.0,23.5,0.3023834526538849,0.3287624716758728,0.0,0.0,0.06679531186819077
WZzXdEa4WcY,20.0,23.5,0.2535150945186615,0.31986716389656067,0.0,0.0,0.0
WZzXdEa4WcY,23.5,26.0,0.32827329635620117,0.5252167582511902,0.0,0.0,0.4756757915019989
