video_id,start,end,motion,audio,cap_overlap,kw_density,score
zaGADl73QHA,0.0,6.0,0.05488349497318268,0.0526423379778862,0.0,0.0,0.0
zaGADl73QHA,2.0,8.0,0.05551326274871826,0.0691293254494667,0.0,0.0,0.04314333572983742
zaGADl73QHA,4.0,10.0,0.0548894964158535,0.08502878248691559,0.0,0.0,0.07089085876941681
zaGADl73QHA,6.0,12.0,0.054992303252220154,0.09233460575342178,0.0,0.0,0.08802467584609985
zaGADl73QHA,8.0,14.0,0.07681629061698914,0.15175063908100128,0.0,0.0,0.4636284112930298
zaGADl73QHA,10.0,14.5,0.07820633798837662,0.18588761985301971,0.0,0.0,0.5539275407791138
zaGADl73QHA,12.0,14.5,0.09041708707809448,0.23555637896060944,0.0,0.0,0.800000011920929
