video_id,start,end,motion,audio,cap_overlap,kw_density,score
Zs4s8wKoVD0,0.5,3.0,0.2717464566230774,0.07540567964315414,0.0,0.0,0.35718122124671936
Zs4s8wKoVD0,4.5,6.5,0.35460710525512695,0.0537540465593338,0.0,0.0,0.4000000059604645
Zs4s8wKoVD0,6.5,8.5,0.3075123429298401,0.09673768281936646,0.0,0.0,0.5224384665489197
Zs4s8wKoVD0,8.5,11.5,0.31290993094444275,0.07399293780326843,0.0,0.0,0.42315518856048584
Zs4s8wKoVD0,11.5,17.5,0.1582302451133728,0.11089278757572174,0.0,0.0,0.32639080286026
Zs4s8wKoVD0,13.5,19.5,0.12822626531124115,0.1026138961315155,0.0,0.0,0.23376606404781342
Zs4s8wKoVD0,15.5,20.5,0.17324912548065186,0.11773191392421722,0.0,0.0,0.3856494426727295
Zs4s8wKoVD0,17.5,20.5,0.23448242247104645,0.1178155392408371,0.0,0.0,0.4942447543144226
Zs4s8wKoVD0,20.5,24.0,0.3059161305427551,0.13735873997211456,0.0,0.0,0.7139662504196167
